open_time,open,high,low,close,volume,close_time,quote_asset_volume,number_of_trades,taker_buy_base_asset_volume,taker_buy_quote_asset_volume,ignore
1636156800000,0.15811000,0.16400000,0.14917000,0.16057000,1252365731.20000000,1636243199999,197248239.19283700,614545,613969343.00000000,96768798.66194200,0
1636243200000,0.16056000,0.16209000,0.15414000,0.15506000,665628121.80000000,1636329599999,104893340.24981300,312327,323260831.10000000,50956658.05789000,0
1636329600000,0.15502000,0.17606000,0.15117000,0.17603000,1678982932.10000000,1636415999999,277725327.90473200,942520,866965703.90000000,143611294.63703400,0
1636416000000,0.17605000,0.18755000,0.17011000,0.17095000,2082374885.50000000,1636502399999,372111474.97465600,1114172,1028704995.90000000,183871703.57642400,0
1636502400000,0.17094000,0.18276000,0.14817000,0.16257000,1852610223.90000000,1636588799999,312075530.07898800,814484,901495853.60000000,152049365.43861900,0
1636588800000,0.16254000,0.16942000,0.15843000,0.16513000,906307830.90000000,1636675199999,149161371.70030400,399427,446984660.60000000,73594366.61322000,0
1636675200000,0.16515000,0.16564000,0.15118000,0.15866000,890280029.60000000,1636761599999,141049413.56234500,384165,436662144.90000000,69201104.05530300,0
1636761600000,0.15866000,0.16500000,0.15488000,0.16039000,662202272.80000000,1636847999999,105566131.44115500,272156,328463948.10000000,52367582.15461000,0
1636848000000,0.16038000,0.16345000,0.15366000,0.16169000,575148381.80000000,1636934399999,91365210.69677700,249919,283809271.30000000,45089465.07548500,0
1636934400000,0.16175000,0.17749000,0.16160000,0.16292000,1402778438.80000000,1637020799999,236582040.12252500,724487,700529172.20000000,118166875.18017500,0
1637020800000,0.16292000,0.16296000,0.13500000,0.14428000,2099202292.10000000,1637107199999,314513871.12271800,701731,1019760365.20000000,152914696.92610800,0
1637107200000,0.14419000,0.14793000,0.13660000,0.14514000,1433775017.50000000,1637193599999,204529292.05030500,439649,722681110.90000000,103152576.75785800,0
1637193600000,0.14509000,0.14711000,0.12300000,0.12889000,1696526974.40000000,1637279999999,227030828.48785100,500604,825518472.40000000,110497683.50594800,0
1637280000000,0.12876000,0.14175000,0.12537000,0.13927000,1120012247.20000000,1637366399999,150580325.13312600,325299,563590561.80000000,75778770.52026900,0
1637366400000,0.13933000,0.14169000,0.13252000,0.13952000,839556940.90000000,1637452799999,115666040.04722200,268590,412408150.50000000,56812991.11122400,0
1637452800000,0.13953000,0.13974000,0.13155000,0.13252000,738806359.30000000,1637539199999,100320142.03012300,243463,366823353.90000000,49817987.46609300,0
1637539200000,0.13253000,0.13315000,0.12450000,0.12656000,1007693578.90000000,1637625599999,129945899.31221500,316725,504100810.00000000,65019427.99061500,0
1637625600000,0.12656000,0.13222000,0.12413000,0.13097000,943138988.40000000,1637711999999,120865894.53157200,287170,474474588.30000000,60808318.98525500,0
1637712000000,0.13094000,0.13207000,0.11959000,0.12210000,953192637.50000000,1637798399999,117928853.70072700,302815,463736524.10000000,57365125.57717200,0
1637798400000,0.12210000,0.13329000,0.12104000,0.12782000,1044368983.50000000,1637884799999,132686461.95569600,359361,525463099.00000000,66771139.01676200,0
1637884800000,0.12780000,0.12844000,0.11050000,0.11336000,1535563161.90000000,1637971199999,178628821.26386500,461340,758436223.20000000,88261833.49423300,0
1637971200000,0.11344000,0.11853000,0.11270000,0.11412000,601112833.20000000,1638057599999,69780711.98827400,172121,290805386.60000000,33761057.78372400,0
1638057600000,0.11413000,0.11656000,0.10400000,0.11639000,1033886239.90000000,1638143999999,114090371.67200500,286771,517572152.20000000,57133441.20338000,0
1638144000000,0.11633000,0.12227000,0.11408000,0.12130000,855067064.60000000,1638230399999,100923646.84419600,266732,418644293.80000000,49421811.75637100,0
1638230400000,0.12128000,0.12550000,0.11551000,0.11917000,1041448006.90000000,1638316799999,125482093.41145200,391668,515132419.70000000,62097569.03153700,0
1638316800000,0.11921000,0.12545000,0.11683000,0.11820000,797751138.80000000,1638403199999,96611771.55916500,283384,388550364.70000000,47051216.85183900,0
1638403200000,0.11821000,0.11917000,0.11369000,0.11582000,604764925.20000000,1638489599999,70494213.99217600,217118,297560516.90000000,34699518.08516800,0
1638489600000,0.11580000,0.11946000,0.10430000,0.10858000,1007626412.00000000,1638575999999,113548019.04062100,360690,496401342.90000000,55985465.05467200,0
1638576000000,0.10857000,0.10890000,0.07000000,0.09656000,2552184447.30000000,1638662399999,231783071.47099900,739740,1250632292.40000000,113752261.84044100,0
1638662400000,0.09656000,0.09809000,0.08613000,0.08979000,1118282105.40000000,1638748799999,101889965.66478700,286012,552721196.30000000,50364541.43763800,0
1638748800000,0.08979000,0.09387000,0.07928000,0.09339000,1502575405.40000000,1638835199999,128908694.00069000,333293,760552362.20000000,65284280.14300500,0
1638835200000,0.09342000,0.09800000,0.08983000,0.09151000,974981863.50000000,1638921599999,91561575.00918100,258067,483295894.70000000,45427373.77976500,0
1638921600000,0.09151000,0.09610000,0.08801000,0.09448000,925525372.40000000,1639007999999,85377061.60698400,230542,474900148.70000000,43829967.79152600,0
1639008000000,0.09447000,0.09592000,0.08534000,0.08553000,803444938.50000000,1639094399999,72122388.22481700,192100,403972625.70000000,36279369.23984800,0
1639094400000,0.08548000,0.08896000,0.08017000,0.08056000,800238149.60000000,1639180799999,68212279.56209400,194112,400798005.70000000,34188128.91905000,0
1639180800000,0.08057000,0.08648000,0.07912000,0.08617000,551351942.30000000,1639267199999,45962441.09476600,136510,287568034.60000000,24007793.95037600,0
1639267200000,0.08616000,0.08811000,0.08277000,0.08698000,446687971.60000000,1639353599999,38299695.52365700,110239,227617675.40000000,19525304.37582700,0
1639353600000,0.08696000,0.08845000,0.07533000,0.07717000,921744582.50000000,1639439999999,74177458.11667800,216583,456537247.20000000,36730139.49454000,0
1639440000000,0.07719000,0.08099000,0.07491000,0.07969000,706833212.00000000,1639526399999,55343915.12355700,173745,364274249.80000000,28537272.78431500,0
1639526400000,0.07969000,0.08448000,0.07452000,0.08306000,839531148.90000000,1639612799999,67038142.09380300,226402,424305923.60000000,33898235.39396700,0
1639612800000,0.08307000,0.08779000,0.08111000,0.08158000,641220341.80000000,1639699199999,54112787.03095100,185103,307887333.50000000,25983235.43114800,0
1639699200000,0.08156000,0.08432000,0.07768000,0.08008000,657364326.90000000,1639785599999,53165552.93863100,179748,328024207.00000000,26538406.72038000,0
1639785600000,0.08008000,0.08472000,0.07887000,0.08413000,490543288.00000000,1639871999999,40370399.32881100,139378,249709027.40000000,20556002.74463200,0
1639872000000,0.08411000,0.08495000,0.08002000,0.08026000,451096520.50000000,1639958399999,37252831.55235000,112730,223167330.20000000,18438082.72345000,0
1639958400000,0.08030000,0.08133000,0.07610000,0.07950000,573887974.50000000,1640044799999,45239539.12540700,133390,288302353.80000000,22734044.96937400,0
1640044800000,0.07951000,0.08376000,0.07844000,0.08326000,486424516.10000000,1640131199999,39607734.32995000,121681,245810940.20000000,20018353.09700300,0
1640131200000,0.08325000,0.08895000,0.08270000,0.08684000,762805460.00000000,1640217599999,65492479.59610900,240259,374817493.30000000,32194306.94599600,0
1640217600000,0.08686000,0.09426000,0.08460000,0.09299000,792475294.70000000,1640303999999,70880647.36258800,284501,390494811.60000000,34944408.83308300,0
1640304000000,0.09301000,0.09605000,0.09082000,0.09185000,646616980.60000000,1640390399999,60779974.79636900,260844,313478257.60000000,29476518.09151700,0
1640390400000,0.09186000,0.09540000,0.09113000,0.09468000,376032001.70000000,1640476799999,35089729.90467500,115430,184325192.80000000,17193740.83061400,0
1640476800000,0.09468000,0.09514000,0.09130000,0.09447000,482904501.30000000,1640563199999,45235656.13441600,160641,229092176.50000000,21462458.00291800,0
1640563200000,0.09446000,0.10298000,0.09446000,0.09773000,880924819.10000000,1640649599999,87853282.33474500,378431,431220554.70000000,43025584.48902500,0
1640649600000,0.09771000,0.09776000,0.08699000,0.08762000,966550699.60000000,1640735999999,89460459.83137100,318807,471075459.50000000,43648871.67447600,0
1640736000000,0.08765000,0.09013000,0.08189000,0.08258000,704362667.10000000,1640822399999,60612924.57823600,197358,329180793.40000000,28332213.80805400,0
1640822400000,0.08258000,0.08655000,0.08065000,0.08461000,512838970.50000000,1640908799999,43209295.19350200,140320,259270125.00000000,21840150.87212200,0
1640908800000,0.08462000,0.08739000,0.08086000,0.08267000,484161274.60000000,1640995199999,40858327.61612600,138922,243499392.20000000,20543022.78893700,0
1640995200000,0.08266000,0.08690000,0.08264000,0.08658000,302321094.10000000,1641081599999,25595154.72653700,89587,155577076.50000000,13172398.11783100,0
1641081600000,0.08662000,0.08884000,0.08466000,0.08714000,330214486.60000000,1641167999999,28633966.17333500,108966,168544523.80000000,14617768.15790900,0
1641168000000,0.08712000,0.08890000,0.08428000,0.08587000,526544835.50000000,1641254399999,45589317.46855800,151535,262599383.20000000,22752505.81082800,0
1641254400000,0.08589000,0.08980000,0.08367000,0.08590000,634447337.30000000,1641340799999,55276110.59053200,182472,314115036.80000000,27376148.91258600,0
1641340800000,0.08589000,0.09600000,0.07855000,0.08461000,1756726493.90000000,1641427199999,157435378.94731000,513681,867849517.70000000,77836794.95147300,0
1641427200000,0.08462000,0.08494000,0.08034000,0.08257000,880427597.10000000,1641513599999,72610828.05873600,214618,436486857.90000000,36011746.08195800,0
1641513600000,0.08253000,0.08295000,0.07621000,0.07861000,892450651.90000000,1641599999999,70735518.91024300,232880,433552585.20000000,34373630.32634400,0
1641600000000,0.07862000,0.08080000,0.07188000,0.07545000,664419206.20000000,1641686399999,50824075.54286800,171022,326586902.60000000,24986603.55059300,0
1641686400000,0.07549000,0.07899000,0.07450000,0.07663000,484046371.00000000,1641772799999,37170852.90383000,123447,240651341.30000000,18488021.98534400,0
1641772800000,0.07661000,0.07769000,0.06890000,0.07302000,767725424.70000000,1641859199999,55916518.58723600,189392,379909183.10000000,27675185.97889400,0
1641859200000,0.07303000,0.07692000,0.07207000,0.07661000,516427699.90000000,1641945599999,38524804.33655100,120881,264220068.60000000,19721890.04915500,0
1641945600000,0.07668000,0.08256000,0.07665000,0.08238000,605834341.40000000,1642031999999,48540853.37982400,154240,300951805.80000000,24115918.67263000,0
1642032000000,0.08238000,0.08314000,0.07674000,0.07777000,686404974.50000000,1642118399999,54935370.24601700,176868,318993280.00000000,25545972.54633900,0
1642118400000,0.07777000,0.07980000,0.07542000,0.07898000,453753455.20000000,1642204799999,35298270.18324600,117914,226427935.20000000,17616110.42198900,0
1642204800000,0.07901000,0.08013000,0.07746000,0.07851000,309481916.60000000,1642291199999,24397383.37910800,76903,152100690.60000000,11989844.16378000,0
1642291200000,0.07851000,0.07979000,0.07710000,0.07844000,309592034.40000000,1642377599999,24300919.28506700,81900,141775992.90000000,11125709.30380100,0
1642377600000,0.07843000,0.07859000,0.07371000,0.07519000,457631641.70000000,1642463999999,34659443.07432000,109649,220032217.60000000,16670904.66883200,0
1642464000000,0.07523000,0.07605000,0.07210000,0.07414000,461742766.00000000,1642550399999,34032331.46401700,114970,226203029.80000000,16680387.08340800,0
1642550400000,0.07413000,0.07476000,0.07018000,0.07073000,417930420.50000000,1642636799999,30139146.28573300,111895,199733425.50000000,14408365.70860500,0
1642636800000,0.07073000,0.07481000,0.06703000,0.06760000,545805279.00000000,1642723199999,39028394.64410900,140980,265829106.20000000,19031050.02078300,0
1642723200000,0.06759000,0.06889000,0.05556000,0.05746000,1459868061.20000000,1642809599999,90953831.13951100,323633,699370061.60000000,43581164.40557700,0
1642809600000,0.05741000,0.05922000,0.04482000,0.05163000,2201946906.00000000,1642895999999,113802780.52692900,364822,1093006165.50000000,56517510.89758200,0
1642896000000,0.05162000,0.05463000,0.05000000,0.05314000,1134085780.00000000,1642982399999,59335676.22277400,175102,565959406.70000000,29615185.61671300,0
1642982400000,0.05315000,0.05315000,0.04385000,0.05142000,2041211328.90000000,1643068799999,97365520.02121900,263929,1028621276.00000000,49091220.89987600,0
1643068800000,0.05138000,0.05430000,0.04954000,0.05363000,930026501.60000000,1643155199999,48596994.08769800,153591,459134205.20000000,24002470.58483800,0
1643155200000,0.05363000,0.05888000,0.05153000,0.05337000,1352063306.10000000,1643241599999,74570023.04290000,242331,672850727.90000000,37141862.10579500,0
1643241600000,0.05337000,0.05461000,0.05003000,0.05237000,866205445.50000000,1643327999999,45206421.87332800,134092,433299309.60000000,22626337.73130400,0
1643328000000,0.05236000,0.05416000,0.05070000,0.05392000,652784304.60000000,1643414399999,34243977.35899400,113985,321857839.30000000,16886656.13759600,0
1643414400000,0.05388000,0.05553000,0.05327000,0.05449000,533858726.50000000,1643500799999,29019264.46605700,89421,259633743.60000000,14112247.92353400,0
1643500800000,0.05451000,0.05561000,0.05150000,0.05256000,509682117.80000000,1643587199999,27341588.29829300,85317,252650759.20000000,13554575.36971000,0
1643587200000,0.05257000,0.05398000,0.05035000,0.05385000,572059942.10000000,1643673599999,29875673.71326100,90072,285035807.90000000,14884032.73277300,0
1643673600000,0.05385000,0.05550000,0.05341000,0.05452000,478230598.50000000,1643759999999,26063779.67525900,88339,237539300.10000000,12950977.51327100,0
1643760000000,0.05455000,0.05641000,0.05149000,0.05192000,655835301.00000000,1643846399999,35403565.62004500,113991,329811196.30000000,17791196.39985900,0
1643846400000,0.05197000,0.05263000,0.05050000,0.05248000,586199389.00000000,1643932799999,30241255.92922800,90979,299275806.60000000,15444327.56261700,0
1643932800000,0.05245000,0.05864000,0.05202000,0.05862000,915645320.70000000,1644019199999,50649092.41026200,171099,470752970.40000000,26039044.14711600,0
1644019200000,0.05862000,0.06121000,0.05759000,0.05909000,758927830.70000000,1644105599999,45170996.34293700,166423,371408406.50000000,22114682.71441600,0
1644105600000,0.05909000,0.06139000,0.05793000,0.06128000,598533978.80000000,1644191999999,35566305.35285800,112107,303220648.10000000,18022054.26167600,0
1644192000000,0.06126000,0.06800000,0.05992000,0.06781000,1057985484.60000000,1644278399999,67854383.74942500,302484,522689181.60000000,33543589.75683700,0
1644278400000,0.06776000,0.06944000,0.06206000,0.06430000,1052316562.50000000,1644364799999,68728979.74532900,254134,506806372.10000000,33108963.55635400,0
1644364800000,0.06430000,0.06820000,0.06300000,0.06701000,589057223.40000000,1644451199999,38712827.65305700,130743,284642370.70000000,18711613.05531700,0
1644451200000,0.06700000,0.06848000,0.06246000,0.06283000,856872827.70000000,1644537599999,56150447.62510500,194810,413169545.80000000,27070864.20606400,0
1644537600000,0.06281000,0.06458000,0.05662000,0.05791000,744703422.70000000,1644623999999,45835646.37736000,165779,359146070.20000000,22114328.53238200,0
1644624000000,0.05792000,0.05920000,0.05560000,0.05757000,614860130.00000000,1644710399999,35203053.02910500,126801,302763848.30000000,17342414.47982700,0
1644710400000,0.05755000,0.05851000,0.05512000,0.05628000,433191669.00000000,1644796799999,24661732.58222300,87136,221409485.80000000,12610035.13713300,0
1644796800000,0.05627000,0.05740000,0.05425000,0.05618000,657779511.90000000,1644883199999,36685068.36710200,111589,314179688.70000000,17520204.14751100,0
1644883200000,0.05619000,0.06113000,0.05558000,0.06107000,576576291.80000000,1644969599999,33981109.80648700,117218,291887212.50000000,17206042.49941500,0
1644969600000,0.06108000,0.06198000,0.05821000,0.06029000,538012828.50000000,1645055999999,32356823.93245200,128383,267245392.10000000,16074989.99906100,0
1645056000000,0.06032000,0.06151000,0.05430000,0.05456000,718817803.40000000,1645142399999,41590349.44570200,143552,354581544.40000000,20532532.96148200,0
1645142400000,0.05458000,0.05611000,0.05248000,0.05317000,660823618.80000000,1645228799999,35925921.09891200,132474,328832177.30000000,17891802.71874200,0
1645228800000,0.05318000,0.05459000,0.05143000,0.05256000,454235234.50000000,1645315199999,24028990.61466800,85006,224884209.00000000,11899941.25560500,0
1645315200000,0.05255000,0.05270000,0.04827000,0.04920000,732506719.40000000,1645401599999,36603609.83765200,119615,364193112.90000000,18197406.97185700,0
1645401600000,0.04923000,0.05166000,0.04488000,0.04522000,1215114479.90000000,1645487999999,59134159.58809700,198384,613067748.00000000,29860820.31203700,0
1645488000000,0.04522000,0.04737000,0.04374000,0.04728000,945275899.80000000,1645574399999,43207224.81719000,136706,476828283.00000000,21800147.26890900,0
1645574400000,0.04728000,0.05000000,0.04533000,0.04549000,878044886.50000000,1645660799999,42041422.73914300,129984,435604707.10000000,20855969.36368100,0
1645660800000,0.04550000,0.04600000,0.03905000,0.04460000,2390877595.00000000,1645747199999,100286428.71473300,305721,1210982020.60000000,50768769.08908700,0
1645747200000,0.04460000,0.04820000,0.04350000,0.04753000,926436704.40000000,1645833599999,42441906.46982400,138383,464657338.30000000,21294988.89634000,0
1645833600000,0.04754000,0.04938000,0.04717000,0.04827000,718710668.10000000,1645919999999,34716736.50934600,112860,356506028.70000000,17221439.04467700,0
1645920000000,0.04828000,0.04920000,0.04448000,0.04552000,858249183.30000000,1646006399999,40205527.99678900,135877,425546149.80000000,19938008.75276400,0
1646006400000,0.04553000,0.05218000,0.04427000,0.05209000,1143496383.70000000,1646092799999,54359199.30986500,176711,555163866.00000000,26446788.01487700,0
1646092800000,0.05207000,0.05448000,0.05114000,0.05291000,1154190067.30000000,1646179199999,60898338.35603800,209074,568293688.60000000,29988080.84039200,0
1646179200000,0.05292000,0.05404000,0.05120000,0.05296000,952686557.70000000,1646265599999,50154732.79967000,172906,463314540.60000000,24398039.32413200,0
1646265600000,0.05296000,0.05729000,0.05163000,0.05459000,1759743936.50000000,1646351999999,95811737.90402500,318219,864871038.90000000,47095344.85607200,0
1646352000000,0.05458000,0.05527000,0.04819000,0.04911000,1268902685.80000000,1646438399999,65237624.67192100,188504,626440620.70000000,32158784.52186100,0
1646438400000,0.04911000,0.05085000,0.04751000,0.05039000,699894130.50000000,1646524799999,34631137.26874400,101342,351336181.30000000,17378326.06496900,0
1646524800000,0.05039000,0.05089000,0.04718000,0.04768000,738669601.80000000,1646611199999,36245573.42241100,103331,346177665.20000000,16980327.03339200,0
1646611200000,0.04768000,0.04897000,0.04467000,0.04596000,1097901022.30000000,1646697599999,51384250.17864200,142035,546453181.60000000,25576107.01632800,0
1646697600000,0.04596000,0.04759000,0.04540000,0.04660000,820321280.40000000,1646783999999,38147824.78191000,111036,406290398.50000000,18893146.47243300,0
1646784000000,0.04661000,0.04998000,0.04650000,0.04852000,1012199119.90000000,1646870399999,49391150.33914100,126224,513300205.00000000,25049069.14977000,0
1646870400000,0.04851000,0.04881000,0.04522000,0.04696000,905492618.10000000,1646956799999,42104660.39723600,123106,469544725.00000000,21824762.71394200,0
1646956800000,0.04696000,0.04857000,0.04536000,0.04622000,694782807.30000000,1647043199999,32630348.73180000,95745,329460178.40000000,15464670.38940100,0
1647043200000,0.04622000,0.04748000,0.04613000,0.04625000,426772621.90000000,1647129599999,19967687.47449800,56096,204719523.10000000,9579902.10335300,0
1647129600000,0.04624000,0.04716000,0.04406000,0.04454000,604691159.60000000,1647215999999,27767297.98730300,77915,299424792.80000000,13741856.29036700,0
1647216000000,0.04454000,0.04618000,0.04428000,0.04582000,689592967.80000000,1647302399999,31217122.59036400,81906,347864185.50000000,15742841.96112600,0
1647302400000,0.04583000,0.04663000,0.04423000,0.04585000,592642684.90000000,1647388799999,26953200.13358500,78265,292213276.80000000,13287677.75603800,0
1647388800000,0.04586000,0.04861000,0.04544000,0.04831000,921310942.20000000,1647475199999,43142399.85025900,141710,459676158.90000000,21526892.54322300,0
1647475200000,0.04830000,0.04975000,0.04764000,0.04835000,578314408.00000000,1647561599999,28119803.99666200,80988,290392659.40000000,14122565.92478000,0
1647561600000,0.04835000,0.04990000,0.04706000,0.04946000,472606185.70000000,1647647999999,22863478.86361100,70950,235492786.30000000,11398607.85058900,0
1647648000000,0.04947000,0.05172000,0.04947000,0.05129000,601724911.30000000,1647734399999,30451259.47195100,93950,290613365.20000000,14707096.91345100,0
1647734400000,0.05127000,0.05280000,0.04882000,0.04998000,647772848.00000000,1647820799999,32886511.64669600,113867,316950059.60000000,16093723.91044900,0
1647820800000,0.04998000,0.05196000,0.04876000,0.05063000,667660446.90000000,1647907199999,33796614.62713000,90891,324894135.40000000,16446456.47061900,0
1647907200000,0.05061000,0.05388000,0.05039000,0.05320000,827374172.50000000,1647993599999,43541291.44736700,131561,411182383.30000000,21636101.71907300,0
1647993600000,0.05324000,0.05618000,0.05262000,0.05596000,870086753.10000000,1648079999999,47337952.62829400,159701,432797495.20000000,23550018.29624100,0
1648080000000,0.05597000,0.05843000,0.05497000,0.05757000,888478221.60000000,1648166399999,50777123.46651000,170385,449507536.00000000,25692714.49386800,0
1648166400000,0.05756000,0.05898000,0.05497000,0.05562000,786622526.80000000,1648252799999,44983416.94502200,160965,382362956.30000000,21877496.51948200,0
1648252800000,0.05562000,0.06569000,0.05541000,0.06436000,1293081323.10000000,1648339199999,78941653.90257400,357397,675378082.00000000,41188888.75201500,0
1648339200000,0.06437000,0.08004000,0.06334000,0.07471000,5634023601.70000000,1648425599999,405187203.66735000,1618845,2819484829.70000000,202881704.56178500,0
1648425600000,0.07470000,0.08161000,0.07000000,0.07091000,3308808087.80000000,1648511999999,253275503.11121900,925937,1619274082.10000000,124059624.92049000,0
1648512000000,0.07091000,0.07521000,0.07027000,0.07246000,1249307958.10000000,1648598399999,91202101.82392600,309641,612481983.50000000,44728571.19376000,0
1648598400000,0.07245000,0.08733000,0.06863000,0.08522000,4039022065.40000000,1648684799999,328378378.38883800,1268452,2057330695.40000000,167367653.14716300,0
1648684800000,0.08522000,0.08936000,0.07617000,0.07803000,2695162967.00000000,1648771199999,224278423.18003300,792262,1335840989.20000000,111299678.75626400,0
1648771200000,0.07802000,0.08307000,0.07464000,0.08108000,1695859715.30000000,1648857599999,135190267.21162900,474757,846260866.10000000,67521368.50266000,0
1648857600000,0.08107000,0.08374000,0.07661000,0.07716000,1057700428.60000000,1648943999999,85097046.41117900,298989,521916556.60000000,42000155.59933100,0
1648944000000,0.07715000,0.08295000,0.07500000,0.08262000,850702192.50000000,1649030399999,67232715.34925300,225718,414796871.20000000,32809141.58075200,0
1649030400000,0.08260000,0.08288000,0.07435000,0.07890000,977661454.60000000,1649116799999,76774855.88506600,249455,467857015.30000000,36721393.40520700,0
1649116800000,0.07892000,0.08071000,0.07566000,0.07584000,669699103.10000000,1649203199999,52636266.49826500,197532,314402785.20000000,24693034.28731800,0
1649203200000,0.07589000,0.07627000,0.06527000,0.06582000,1325449255.90000000,1649289599999,93178176.74034600,332107,643032109.20000000,45185605.11809500,0
1649289600000,0.06582000,0.07089000,0.06482000,0.07026000,742906115.00000000,1649375999999,50993663.63976900,202193,370530303.20000000,25438097.68952300,0
1649376000000,0.07025000,0.07199000,0.06409000,0.06475000,739241897.20000000,1649462399999,50331619.32601100,182824,333541684.00000000,22716421.13461400,0
1649462400000,0.06476000,0.06742000,0.06432000,0.06710000,403993781.70000000,1649548799999,26596990.41271100,86767,203923608.60000000,13427821.37737700,0
1649548800000,0.06712000,0.06850000,0.06461000,0.06492000,442055062.60000000,1649635199999,29382241.49432100,98184,213698994.10000000,14199465.72159300,0
1649635200000,0.06489000,0.06566000,0.05683000,0.05776000,953544184.40000000,1649721599999,58154731.36859200,190281,452027577.00000000,27542709.60864100,0
1649721600000,0.05774000,0.06199000,0.05721000,0.06023000,810806207.40000000,1649807999999,48282470.92387200,167841,396051244.30000000,23585522.75469800,0
1649808000000,0.06025000,0.06222000,0.05864000,0.06154000,629196230.90000000,1649894399999,38121949.08846900,122974,327689864.30000000,19863021.25073200,0
1649894400000,0.06154000,0.06390000,0.05938000,0.06139000,783302349.10000000,1649980799999,48488650.25707900,178151,394883235.10000000,24450271.73509400,0
1649980800000,0.06139000,0.06226000,0.06035000,0.06160000,389442213.00000000,1650067199999,23886551.52289000,68563,198383979.30000000,12166620.77906000,0
1650067200000,0.06161000,0.06268000,0.06008000,0.06131000,372022958.70000000,1650153599999,22823707.10514400,71357,188274359.40000000,11551945.73114600,0
1650153600000,0.06132000,0.06150000,0.05765000,0.05792000,462994632.10000000,1650239999999,27957036.19515100,85709,227900392.60000000,13754442.90379700,0
1650240000000,0.05792000,0.05966000,0.05501000,0.05960000,723780586.30000000,1650326399999,41556579.70169200,147231,358699293.10000000,20597446.54462700,0
1650326400000,0.05960000,0.06191000,0.05897000,0.06160000,585484714.80000000,1650412799999,35485492.23243600,111559,296651654.50000000,17980055.79844700,0
1650412800000,0.06160000,0.06345000,0.05906000,0.06076000,718391917.10000000,1650499199999,43942382.64030400,153487,355611328.00000000,21762795.82866400,0
1650499200000,0.06075000,0.06386000,0.05736000,0.05872000,855054417.10000000,1650585599999,51962663.56581300,180486,428615460.00000000,26049526.01068900,0
1650585600000,0.05871000,0.06018000,0.05706000,0.05779000,554401012.10000000,1650671999999,32476467.12224700,110179,267176525.90000000,15655416.80780000,0
1650672000000,0.05780000,0.05900000,0.05680000,0.05745000,427342248.50000000,1650758399999,24816661.50159300,76036,209660477.30000000,12177588.60219700,0
1650758400000,0.05744000,0.05808000,0.05537000,0.05592000,376799061.40000000,1650844799999,21348567.27865700,73990,185476734.30000000,10512815.30039200,0
1650844800000,0.05592000,0.05700000,0.05175000,0.05633000,878911176.10000000,1650931199999,47479486.07528800,167385,455052328.30000000,24586225.13659300,0
1650931200000,0.05633000,0.05691000,0.05033000,0.05117000,793954609.50000000,1651017599999,42391558.58920900,149421,386408750.50000000,20613292.45339400,0
1651017600000,0.05117000,0.05297000,0.05045000,0.05202000,533384281.50000000,1651103999999,27631261.18666100,97013,270013559.70000000,13989397.17338500,0
1651104000000,0.05201000,0.05330000,0.05038000,0.05158000,617319669.20000000,1651190399999,31935540.08039100,109112,305282590.60000000,15793667.22211300,0
1651190400000,0.05157000,0.05199000,0.04735000,0.04851000,657536450.60000000,1651276799999,32664910.29606300,101323,324923465.90000000,16147460.14889000,0
1651276800000,0.04850000,0.04968000,0.04440000,0.04530000,806930064.80000000,1651363199999,38109313.82934200,119940,405231754.20000000,19139954.55658600,0
1651363200000,0.04532000,0.04953000,0.04420000,0.04849000,926003337.50000000,1651449599999,43565242.60795600,141222,460605197.50000000,21668695.24658800,0
1651449600000,0.04848000,0.04986000,0.04574000,0.04750000,787624706.30000000,1651535999999,37553722.57396100,121428,386634318.00000000,18444940.16935600,0
1651536000000,0.04751000,0.04875000,0.04576000,0.04681000,597405229.20000000,1651622399999,28278002.78810400,88752,294722928.20000000,13953203.17327800,0
1651622400000,0.04681000,0.05403000,0.04656000,0.05392000,1527332051.00000000,1651708799999,76575240.04233000,260617,790046347.00000000,39641654.09648400,0
1651708800000,0.05392000,0.05475000,0.04585000,0.04758000,1517922711.90000000,1651795199999,75996919.46415100,255113,737817916.90000000,36894887.06500300,0
1651795200000,0.04757000,0.04797000,0.04532000,0.04703000,970500440.70000000,1651881599999,45348306.61438500,156570,478636890.30000000,22367420.75240500,0
1651881600000,0.04701000,0.04729000,0.04436000,0.04552000,580388323.60000000,1651967999999,26831955.79991800,90763,287798681.70000000,13303286.04629100,0
1651968000000,0.04554000,0.04608000,0.04366000,0.04448000,818844916.90000000,1652054399999,36814355.85543700,126029,399517657.40000000,17963676.01741200,0
1652054400000,0.04448000,0.04528000,0.03760000,0.03790000,1914449167.40000000,1652140799999,78572206.68582700,297273,936324224.90000000,38464937.70708800,0
1652140800000,0.03789000,0.04368000,0.03666000,0.03879000,2391827212.30000000,1652227199999,95989851.83437600,369978,1212700318.00000000,48645509.35880800,0
1652227200000,0.03878000,0.04020000,0.02840000,0.03044000,3704932946.90000000,1652313599999,128802066.02630700,463065,1847696071.50000000,64312753.03863000,0
1652313600000,0.03042000,0.03230000,0.02400000,0.02767000,3488942494.00000000,1652399999999,96027446.73826700,351314,1692504998.00000000,46605219.07101900,0
1652400000000,0.02767000,0.03430000,0.02723000,0.03057000,2150333178.70000000,1652486399999,68694030.32159000,237259,1051730995.50000000,33588532.75139400,0
1652486400000,0.03057000,0.03267000,0.02850000,0.03175000,1342088540.50000000,1652572799999,40899826.18622900,153255,679108147.30000000,20694650.04940300,0
1652572800000,0.03177000,0.03367000,0.03038000,0.03353000,854067771.80000000,1652659199999,27053622.22632300,100991,427554960.50000000,13547290.12884100,0
1652659200000,0.03353000,0.03353000,0.02995000,0.03103000,1091221485.30000000,1652745599999,33961364.92209000,128851,546593083.10000000,17018671.14300500,0
1652745600000,0.03104000,0.03332000,0.03080000,0.03286000,790805578.80000000,1652831999999,25326857.16894800,87694,393229390.50000000,12586331.37112500,0
1652832000000,0.03286000,0.03319000,0.02896000,0.02920000,873122692.20000000,1652918399999,26839450.17240300,89371,437007699.80000000,13424275.79410200,0
1652918400000,0.02920000,0.03165000,0.02826000,0.03150000,861117236.80000000,1653004799999,25950063.03380100,94091,415481113.80000000,12520352.59823700,0
1653004800000,0.03148000,0.03204000,0.02936000,0.03007000,807140947.50000000,1653091199999,24762111.25838300,81615,394223389.40000000,12093600.53411800,0
1653091200000,0.03009000,0.03120000,0.02959000,0.03080000,535075124.40000000,1653177599999,16308200.15979800,52565,260701592.80000000,7946664.67729200,0
1653177600000,0.03080000,0.03281000,0.03058000,0.03198000,751373201.90000000,1653263999999,23826848.24669100,69537,363235039.90000000,11518436.79534100,0
1653264000000,0.03196000,0.03495000,0.03062000,0.03120000,1163794783.30000000,1653350399999,38356569.82462400,120284,572202203.10000000,18852496.78151200,0
1653350400000,0.03122000,0.03218000,0.02956000,0.03168000,850806703.30000000,1653436799999,26468655.32026500,82149,425725512.50000000,13249999.93070500,0
1653436800000,0.03168000,0.03252000,0.03037000,0.03133000,887457434.30000000,1653523199999,27812920.30734400,79081,442654644.20000000,13872236.75539300,0
1653523200000,0.03133000,0.03216000,0.02809000,0.02948000,1471374689.80000000,1653609599999,44036010.11801300,150679,759645080.90000000,22717059.46482800,0
1653609600000,0.02948000,0.03053000,0.02840000,0.02907000,1423020573.50000000,1653695999999,41798296.19963200,153745,691467310.50000000,20306605.34945700,0
1653696000000,0.02908000,0.03011000,0.02862000,0.02972000,611053039.10000000,1653782399999,18009383.64585600,55216,301751454.50000000,8893673.06257600,0
1653782400000,0.02973000,0.03020000,0.02894000,0.03017000,507150696.70000000,1653868799999,15025112.50510300,46361,251437728.70000000,7448495.07167800,0
1653868800000,0.03016000,0.03312000,0.03001000,0.03294000,921383094.80000000,1653955199999,29192525.83823200,87146,448897163.60000000,14226435.53026400,0
1653955200000,0.03294000,0.03382000,0.03183000,0.03283000,1000585124.70000000,1654041599999,32924573.70117200,109162,488589446.80000000,16077424.96149300,0
1654041600000,0.03284000,0.03418000,0.02998000,0.03051000,937691750.80000000,1654127999999,30296461.56418400,110111,466390674.70000000,15064449.70337400,0
1654128000000,0.03052000,0.03172000,0.03001000,0.03144000,577253108.20000000,1654214399999,17806287.74728500,60820,296625139.60000000,9153942.86512400,0
1654214400000,0.03144000,0.03177000,0.02978000,0.03022000,477056049.10000000,1654300799999,14532482.52580200,48280,239149620.70000000,7287469.70691500,0
1654300800000,0.03020000,0.03074000,0.02957000,0.03055000,333473728.90000000,1654387199999,10091883.18937600,34940,160104360.90000000,4845540.58468600,0
1654387200000,0.03055000,0.03092000,0.02999000,0.03044000,321180365.80000000,1654473599999,9774829.04776000,31860,162062252.70000000,4932100.54929100,0
1654473600000,0.03043000,0.03275000,0.03032000,0.03174000,608304673.20000000,1654559999999,19327682.96720800,65516,304759408.70000000,9678645.15814400,0
1654560000000,0.03173000,0.03185000,0.02952000,0.03066000,732375464.10000000,1654646399999,22281278.61492900,74748,365458243.60000000,11121373.48879900,0
1654646400000,0.03066000,0.03128000,0.03001000,0.03026000,447962022.70000000,1654732799999,13676426.80076500,46657,223266375.70000000,6815960.89927500,0
1654732800000,0.03027000,0.03316000,0.02988000,0.03184000,1112336484.00000000,1654819199999,35377341.33028000,116255,552628523.10000000,17574333.55562000,0
1654819200000,0.03184000,0.03236000,0.02918000,0.02948000,836128959.50000000,1654905599999,25629455.92293800,88224,408960008.20000000,12525525.40980500,0
1654905600000,0.02949000,0.03019000,0.02709000,0.02762000,743311222.30000000,1654991999999,21116404.48307600,79992,363659690.00000000,10329338.86495100,0
1654992000000,0.02763000,0.02800000,0.02563000,0.02569000,1022484547.70000000,1655078399999,27302735.20905400,105048,497881219.10000000,13290998.81715800,0
1655078400000,0.02569000,0.02630000,0.02223000,0.02384000,2193282310.10000000,1655164799999,52059508.97359500,234224,1085653029.60000000,25738281.42333400,0
1655164800000,0.02385000,0.02487000,0.02194000,0.02393000,1652413923.80000000,1655251199999,39114722.23137900,166750,816463184.90000000,19330931.28546400,0
1655251200000,0.02393000,0.02561000,0.02145000,0.02556000,1887122386.40000000,1655337599999,43323720.14654000,197954,943442140.60000000,21659947.29627900,0
1655337600000,0.02556000,0.02590000,0.02227000,0.02270000,1162164531.20000000,1655423999999,27470606.08773400,107380,584264638.90000000,13805993.42715900,0
1655424000000,0.02270000,0.02394000,0.02250000,0.02332000,628942193.10000000,1655510399999,14657347.70548500,58774,297186578.10000000,6930535.12437500,0
1655510400000,0.02333000,0.02370000,0.02003000,0.02167000,1718212255.60000000,1655596799999,37016437.48930600,133620,858456741.80000000,18496224.10929500,0
1655596800000,0.02165000,0.02330000,0.02073000,0.02305000,1275391854.30000000,1655683199999,28111182.07328400,105254,631334290.40000000,13925494.82617400,0
1655683200000,0.02306000,0.02386000,0.02194000,0.02354000,1010706835.50000000,1655769599999,23239946.62258800,83581,505214257.10000000,11612264.94770500,0
1655769600000,0.02353000,0.02519000,0.02306000,0.02368000,1112327960.90000000,1655855999999,26879616.32202700,98965,599594678.70000000,14509560.32405400,0
1655856000000,0.02369000,0.02376000,0.02255000,0.02274000,802070929.00000000,1655942399999,18537371.92513600,74319,400139043.70000000,9247188.36632100,0
1655942400000,0.02275000,0.02428000,0.02264000,0.02415000,805667867.90000000,1656028799999,18980866.01179300,64902,389527717.30000000,9183174.43674800,0
1656028800000,0.02416000,0.02595000,0.02393000,0.02540000,923142041.10000000,1656115199999,23012804.96280500,76149,452846797.30000000,11281918.80758600,0
1656115200000,0.02540000,0.02642000,0.02448000,0.02620000,724413060.40000000,1656201599999,18453829.68910700,63256,348502443.00000000,8872660.91920400,0
1656201600000,0.02620000,0.02672000,0.02420000,0.02428000,837505818.30000000,1656287999999,21355218.40282100,72205,406476276.30000000,10361499.86612900,0
1656288000000,0.02428000,0.02550000,0.02411000,0.02458000,742164531.10000000,1656374399999,18399737.51384100,66179,363002141.30000000,8996758.61606700,0
1656374400000,0.02458000,0.02537000,0.02330000,0.02343000,771674102.90000000,1656460799999,18888512.40412400,68302,397782505.70000000,9737686.92678400,0
1656460800000,0.02343000,0.02377000,0.02237000,0.02277000,898996197.00000000,1656547199999,20704572.10072000,70206,421304244.20000000,9703275.91821700,0
1656547200000,0.02277000,0.02293000,0.02122000,0.02277000,878169206.30000000,1656633599999,19313168.80830400,70860,439543119.80000000,9670463.49971800,0
1656633600000,0.02278000,0.02332000,0.02175000,0.02226000,894025092.80000000,1656719999999,20014117.97517100,72729,451047857.10000000,10094717.58723400,0
1656720000000,0.02227000,0.02264000,0.02181000,0.02235000,433993542.20000000,1656806399999,9638128.69950600,36691,220392837.60000000,4894699.18975200,0
1656806400000,0.02235000,0.02284000,0.02180000,0.02257000,434094736.30000000,1656892799999,9661338.71377500,35424,218595238.20000000,4865268.85904800,0
1656892800000,0.02258000,0.02342000,0.02194000,0.02332000,576325884.70000000,1656979199999,13083391.63006400,45217,285448912.00000000,6486512.92083300,0
1656979200000,0.02331000,0.02352000,0.02196000,0.02269000,696035613.90000000,1657065599999,15844150.15765200,53692,347888327.60000000,7917559.65067000,0
1657065600000,0.02270000,0.02388000,0.02225000,0.02357000,781425274.20000000,1657151999999,18101430.97622600,60123,398590397.00000000,9234647.80758300,0
1657152000000,0.02355000,0.02438000,0.02310000,0.02407000,607658537.10000000,1657238399999,14440705.28940800,45320,300241067.60000000,7140698.40523100,0
1657238400000,0.02408000,0.02479000,0.02353000,0.02374000,747493550.30000000,1657324799999,18015189.89735500,55780,379926873.50000000,9157671.88295100,0
1657324800000,0.02373000,0.02453000,0.02373000,0.02408000,368970714.20000000,1657411199999,8926321.61350000,34062,180729992.90000000,4373024.60140000,0
1657411200000,0.02408000,0.02423000,0.02321000,0.02338000,356600730.70000000,1657497599999,8438820.91632300,27803,177439959.40000000,4199134.18341100,0
1657497600000,0.02339000,0.02341000,0.02193000,0.02204000,471484139.70000000,1657583999999,10719302.29866300,38753,238280225.10000000,5415278.18978100,0
1657584000000,0.02203000,0.02229000,0.02139000,0.02149000,502861036.10000000,1657670399999,11014884.51069900,34188,252701103.60000000,5535692.19394900,0
1657670400000,0.02148000,0.02235000,0.02073000,0.02225000,691614502.90000000,1657756799999,14924607.01898600,52258,355068139.20000000,7662505.06723800,0
1657756800000,0.02226000,0.02303000,0.02151000,0.02281000,601749897.20000000,1657843199999,13356878.18729100,44670,296373068.70000000,6578907.27317400,0
1657843200000,0.02282000,0.02349000,0.02253000,0.02297000,539393539.40000000,1657929599999,12414307.67740800,40789,260723522.70000000,6002226.93853900,0
1657929600000,0.02297000,0.02385000,0.02253000,0.02370000,472922911.30000000,1658015999999,10986388.62963700,35586,218770492.70000000,5082024.50717900,0
1658016000000,0.02370000,0.02416000,0.02313000,0.02319000,512583881.10000000,1658102399999,12081114.75330200,42976,248819908.60000000,5866081.17755900,0
1658102400000,0.02320000,0.02498000,0.02305000,0.02473000,957144068.30000000,1658188799999,23222631.91462200,83157,474404406.20000000,11517876.63484800,0
1658188800000,0.02472000,0.02640000,0.02400000,0.02611000,1055897939.70000000,1658275199999,26656189.03431100,96806,532273674.30000000,13452716.50069700,0
1658275200000,0.02611000,0.02739000,0.02523000,0.02532000,1089161738.80000000,1658361599999,28955698.84309400,106520,546320538.20000000,14535226.69003400,0
1658361600000,0.02531000,0.02569000,0.02432000,0.02533000,723773395.70000000,1658447999999,18127911.35046800,65358,355035234.10000000,8897560.29139800,0
1658448000000,0.02533000,0.02683000,0.02512000,0.02526000,695573468.00000000,1658534399999,18120941.51742100,68503,341212191.90000000,8891720.83661800,0
1658534400000,0.02526000,0.02586000,0.02440000,0.02502000,475999448.30000000,1658620799999,11931667.73903700,46063,234519699.90000000,5879403.78978300,0
1658620800000,0.02502000,0.02575000,0.02481000,0.02506000,416135610.60000000,1658707199999,10551475.31921000,41753,200606318.00000000,5089128.79586800,0
1658707200000,0.02504000,0.02518000,0.02327000,0.02333000,610150419.70000000,1658793599999,14776002.13905900,57482,295065573.60000000,7149396.12045900,0
1658793600000,0.02333000,0.02339000,0.02251000,0.02332000,469249158.30000000,1658879999999,10765748.83368000,43400,238227721.70000000,5466174.12011900,0
1658880000000,0.02332000,0.02519000,0.02287000,0.02519000,598927753.60000000,1658966399999,14343842.13020100,55567,309391543.40000000,7411623.87596100,0
1658966400000,0.02519000,0.02676000,0.02477000,0.02634000,799457363.30000000,1659052799999,20649836.43911900,81614,387286389.00000000,10005687.81767600,0
1659052800000,0.02635000,0.02755000,0.02591000,0.02668000,751573213.70000000,1659139199999,20160259.90750800,83843,366018796.70000000,9818449.43417100,0
1659139200000,0.02668000,0.02853000,0.02637000,0.02742000,831069145.90000000,1659225599999,22922275.78695500,81998,408072543.60000000,11252546.32729600,0
1659225600000,0.02740000,0.02865000,0.02693000,0.02711000,739160085.60000000,1659311999999,20682424.07462500,80271,363742600.80000000,10177709.14902500,0
1659312000000,0.02710000,0.02813000,0.02682000,0.02758000,589364820.00000000,1659398399999,16109964.13246300,59857,295486805.40000000,8078133.91202300,0
1659398400000,0.02758000,0.02938000,0.02620000,0.02779000,1220167081.30000000,1659484799999,33830166.76446200,140787,615135016.60000000,17061942.42981400,0
1659484800000,0.02779000,0.03082000,0.02709000,0.02934000,1197496770.50000000,1659571199999,35231432.81722300,143389,583479583.00000000,17163660.16659600,0
1659571200000,0.02934000,0.03034000,0.02882000,0.02954000,690693960.90000000,1659657599999,20354157.52805700,80403,334623979.30000000,9868499.68105000,0
1659657600000,0.02954000,0.03152000,0.02925000,0.03142000,757893101.80000000,1659743999999,23390237.33544000,87410,376886741.70000000,11636516.43421200,0
1659744000000,0.03142000,0.03192000,0.03076000,0.03087000,390051141.90000000,1659830399999,12296064.91639600,46187,184419400.40000000,5815339.38362100,0
1659830400000,0.03087000,0.03178000,0.03050000,0.03127000,316228183.70000000,1659916799999,9881514.75973300,38223,161748676.70000000,5053971.32063000,0
1659916800000,0.03127000,0.03279000,0.03121000,0.03150000,479053846.70000000,1660003199999,15338668.44400700,58293,231720475.40000000,7418953.65673200,0
1660003200000,0.03151000,0.03188000,0.02963000,0.03020000,437026807.50000000,1660089599999,13416942.13469100,52167,202935457.90000000,6226487.66276800,0
1660089600000,0.03020000,0.03306000,0.02929000,0.03270000,820497323.40000000,1660175999999,25907474.23454000,101400,394194833.50000000,12439513.98347900,0
1660176000000,0.03270000,0.03360000,0.03239000,0.03270000,647251335.90000000,1660262399999,21307859.99954500,75417,328846958.50000000,10825682.13888000,0
1660262400000,0.03272000,0.03375000,0.03230000,0.03336000,496215671.00000000,1660348799999,16392273.06382900,60274,246746746.80000000,8149920.64226000,0
1660348800000,0.03335000,0.03370000,0.03268000,0.03297000,301921722.30000000,1660435199999,10031978.46014000,40236,144622184.40000000,4805281.23706900,0
1660435200000,0.03297000,0.03387000,0.03202000,0.03225000,410921318.70000000,1660521599999,13596580.56784600,55328,196832660.90000000,6509393.83004100,0
1660521600000,0.03225000,0.03321000,0.03088000,0.03137000,443473036.00000000,1660607999999,14125320.47606500,58962,219464277.90000000,6993825.39666200,0
1660608000000,0.03137000,0.03160000,0.03052000,0.03068000,310449655.30000000,1660694399999,9622400.92366700,40943,151404452.90000000,4694622.53725000,0
1660694400000,0.03068000,0.03201000,0.02896000,0.02928000,541903959.50000000,1660780799999,16366129.85303100,67036,272486069.90000000,8224526.52544500,0
1660780800000,0.02928000,0.02988000,0.02814000,0.02816000,342162702.10000000,1660867199999,10007105.31911000,43698,169879065.90000000,4970919.38820100,0
1660867200000,0.02816000,0.02819000,0.02540000,0.02568000,794740887.10000000,1660953599999,21052446.74522300,85445,387311914.30000000,10255808.17027500,0
1660953600000,0.02569000,0.02656000,0.02517000,0.02576000,475258647.40000000,1661039999999,12339726.49287300,49825,245653893.10000000,6379676.64486900,0
1661040000000,0.02576000,0.02701000,0.02561000,0.02655000,434455498.70000000,1661126399999,11435637.87174300,42387,217657792.80000000,5730825.37574800,0
1661126400000,0.02656000,0.02657000,0.02499000,0.02615000,486904449.60000000,1661212799999,12509256.64610700,47414,238438578.30000000,6126947.24826700,0
1661212800000,0.02615000,0.02668000,0.02527000,0.02645000,399533877.10000000,1661299199999,10428496.35622800,41706,202733418.80000000,5294344.52912300,0
1661299200000,0.02645000,0.02696000,0.02565000,0.02623000,379402224.80000000,1661385599999,10012216.49915300,41480,192298669.90000000,5077775.71142900,0
1661385600000,0.02622000,0.02719000,0.02620000,0.02673000,259935123.10000000,1661471999999,6942187.31277600,29869,132253415.90000000,3534279.53249300,0
1661472000000,0.02673000,0.02727000,0.02411000,0.02445000,596645743.10000000,1661558399999,15342189.86389600,68406,311188419.80000000,7999798.45589000,0
1661558400000,0.02444000,0.02485000,0.02399000,0.02443000,344480455.70000000,1661644799999,8414518.36495600,34917,163212424.80000000,3986272.61686500,0
1661644800000,0.02444000,0.02489000,0.02357000,0.02367000,288724016.30000000,1661731199999,7037453.17489300,29072,146891701.50000000,3581771.18644400,0
1661731200000,0.02368000,0.02495000,0.02340000,0.02486000,350640337.00000000,1661817599999,8499507.35118000,34355,167642725.90000000,4064128.67027700,0
1661817600000,0.02486000,0.02538000,0.02373000,0.02435000,385033096.20000000,1661903999999,9484159.47015900,38438,180546228.70000000,4447279.77903500,0
1661904000000,0.02436000,0.02513000,0.02407000,0.02422000,399290088.60000000,1661990399999,9871001.96541300,33204,199777676.40000000,4939632.24569400,0
1661990400000,0.02422000,0.02443000,0.02333000,0.02431000,360556689.80000000,1662076799999,8636277.95216200,35116,182349392.90000000,4367659.48907200,0
1662076800000,0.02431000,0.02490000,0.02376000,0.02412000,300271095.50000000,1662163199999,7305543.62697400,29254,145506271.70000000,3541230.31864300,0
1662163200000,0.02411000,0.02431000,0.02373000,0.02424000,186880155.90000000,1662249599999,4498972.60003500,16215,91498552.10000000,2203972.09061400,0
1662249600000,0.02424000,0.02521000,0.02406000,0.02501000,246195893.30000000,1662335999999,6079926.90182900,24479,118496327.40000000,2928648.18815600,0
1662336000000,0.02501000,0.02516000,0.02398000,0.02448000,235548294.20000000,1662422399999,5742480.17830800,23726,118476484.00000000,2887051.94216100,0
1662422400000,0.02448000,0.02530000,0.02272000,0.02294000,521977651.20000000,1662508799999,12516929.38360600,52880,267379951.90000000,6403951.30480600,0
1662508800000,0.02294000,0.02400000,0.02257000,0.02380000,362105041.90000000,1662595199999,8436399.93305500,34070,172942764.40000000,4033945.50508000,0
1662595200000,0.02381000,0.02440000,0.02344000,0.02425000,312612290.70000000,1662681599999,7470169.34471200,30479,152946940.70000000,3657424.25734400,0
1662681600000,0.02426000,0.02595000,0.02421000,0.02564000,468653845.40000000,1662767999999,11850943.83443700,44953,228770636.50000000,5782151.47906200,0
1662768000000,0.02565000,0.02605000,0.02531000,0.02569000,304034580.80000000,1662854399999,7808713.58190200,32739,148629305.70000000,3818246.22823700,0
1662854400000,0.02568000,0.02606000,0.02520000,0.02573000,299813869.60000000,1662940799999,7695974.47384300,27575,149931419.80000000,3848784.25284900,0
1662940800000,0.02574000,0.02657000,0.02524000,0.02570000,474823628.80000000,1663027199999,12290559.23332800,49644,240169952.70000000,6215669.45656200,0
1663027200000,0.02570000,0.02580000,0.02339000,0.02353000,723729471.90000000,1663113599999,17662682.82143500,64351,343816328.00000000,8397517.85466600,0
1663113600000,0.02353000,0.02424000,0.02334000,0.02400000,402103850.30000000,1663199999999,9588145.31809800,39855,199017523.30000000,4745243.36207400,0
1663200000000,0.02400000,0.02415000,0.02291000,0.02321000,510460146.40000000,1663286399999,12005333.97648900,45793,245842087.40000000,5783750.13455700,0
1663286400000,0.02322000,0.02358000,0.02292000,0.02338000,371967271.20000000,1663372799999,8652232.70586500,32931,174113176.10000000,4051640.79265900,0
1663372800000,0.02338000,0.02439000,0.02335000,0.02434000,288805935.00000000,1663459199999,6873117.93634400,26217,153112824.80000000,3645565.51558200,0
1663459200000,0.02434000,0.02436000,0.02232000,0.02242000,534549941.70000000,1663545599999,12521365.08877900,49041,248572765.30000000,5808851.03881800,0
1663545600000,0.02242000,0.02301000,0.02183000,0.02284000,564289929.60000000,1663631999999,12644336.80039000,46187,275620486.90000000,6179394.95304700,0
1663632000000,0.02283000,0.02319000,0.02229000,0.02267000,422528529.80000000,1663718399999,9604528.00216600,31732,196706724.90000000,4471987.68835900,0
1663718400000,0.02267000,0.02345000,0.02154000,0.02191000,713801575.60000000,1663804799999,16051386.98949000,60391,366679018.00000000,8254352.44778700,0
1663804800000,0.02191000,0.02311000,0.02183000,0.02288000,500580244.70000000,1663891199999,11293686.32279500,37686,242240859.40000000,5465409.61510700,0
1663891200000,0.02289000,0.02368000,0.02223000,0.02324000,461220196.70000000,1663977599999,10600912.17118300,45134,214624647.70000000,4932712.30187100,0
1663977600000,0.02325000,0.02378000,0.02280000,0.02286000,297205115.60000000,1664063999999,6934463.66032000,28978,136829738.90000000,3194075.29668400,0
1664064000000,0.02286000,0.02320000,0.02208000,0.02240000,293359732.80000000,1664150399999,6667861.65224800,26443,139346602.00000000,3168932.65621300,0
1664150400000,0.02239000,0.02285000,0.02189000,0.02271000,416064458.10000000,1664236799999,9354850.12327000,37751,204312781.80000000,4595050.55912600,0
1664236800000,0.02272000,0.02400000,0.02242000,0.02261000,554000656.50000000,1664323199999,12910344.51108400,56089,271069065.40000000,6316361.74739300,0
1664323200000,0.02261000,0.02309000,0.02180000,0.02288000,438298241.60000000,1664409599999,9837094.24992000,36680,212432724.60000000,4771696.63862200,0
1664409600000,0.02289000,0.02351000,0.02267000,0.02346000,354781557.50000000,1664495999999,8170904.50943100,31159,166014430.70000000,3827059.42391500,0
1664496000000,0.02346000,0.02389000,0.02274000,0.02308000,348002148.30000000,1664582399999,8097228.22300900,32445,154424696.30000000,3594820.95956100,0
1664582400000,0.02307000,0.02342000,0.02292000,0.02333000,187477284.80000000,1664668799999,4339727.33060200,16148,92314128.80000000,2137343.64762600,0
1664668800000,0.02333000,0.02351000,0.02253000,0.02257000,267793085.10000000,1664755199999,6156316.94793400,20486,121427336.30000000,2791555.58397900,0
1664755200000,0.02257000,0.02364000,0.02233000,0.02352000,277547178.30000000,1664841599999,6412096.89175300,24534,132172818.90000000,3055947.70046300,0
1664841600000,0.02352000,0.02430000,0.02336000,0.02394000,343500705.80000000,1664927999999,8201659.33724100,26585,162675641.30000000,3887447.26337100,0
1664928000000,0.02394000,0.02397000,0.02322000,0.02388000,237360802.40000000,1665014399999,5615256.54696800,21592,111989128.10000000,2650202.01084600,0
1665014400000,0.02389000,0.02418000,0.02328000,0.02342000,235243702.00000000,1665100799999,5589374.18491900,24450,108762808.00000000,2585808.93143700,0
1665100800000,0.02341000,0.02357000,0.02284000,0.02316000,244469553.20000000,1665187199999,5669889.52944200,20934,117361415.50000000,2722871.55457300,0
1665187200000,0.02317000,0.02338000,0.02278000,0.02293000,160106610.40000000,1665273599999,3702356.93102300,12796,74575631.80000000,1724686.72827400,0
1665273600000,0.02293000,0.02328000,0.02290000,0.02310000,148177155.90000000,1665359999999,3424725.23956600,11047,69558526.10000000,1607843.29079800,0
1665360000000,0.02310000,0.02361000,0.02272000,0.02277000,287641671.50000000,1665446399999,6686545.71453200,23502,126537866.00000000,2941974.50612900,0
1665446400000,0.02276000,0.02289000,0.02208000,0.02275000,307859114.90000000,1665532799999,6955667.70613500,24980,144289874.00000000,3261133.22832700,0
1665532800000,0.02275000,0.02307000,0.02251000,0.02276000,142070614.20000000,1665619199999,3243867.74824000,14904,64577056.60000000,1475426.18751600,0
1665619200000,0.02277000,0.02345000,0.02122000,0.02303000,536299751.00000000,1665705599999,11893469.85545900,48799,258256059.10000000,5713114.72263700,0
1665705600000,0.02303000,0.02356000,0.02264000,0.02282000,225817774.30000000,1665791999999,5222261.02672600,21703,94556473.70000000,2189010.54099000,0
1665792000000,0.02281000,0.02303000,0.02254000,0.02276000,122659618.40000000,1665878399999,2802374.92640300,11832,55353767.10000000,1265462.20257100,0
1665878400000,0.02277000,0.02316000,0.02275000,0.02294000,110115482.70000000,1665964799999,2532800.18792200,13941,52164317.90000000,1200219.22547400,0
1665964800000,0.02293000,0.02344000,0.02270000,0.02331000,202255328.30000000,1666051199999,4673487.80781000,18400,98833906.40000000,2285325.81808400,0
1666051200000,0.02332000,0.02362000,0.02260000,0.02302000,246749419.60000000,1666137599999,5692211.29344800,23273,113134567.20000000,2612351.85865000,0
1666137600000,0.02302000,0.02310000,0.02219000,0.02235000,185953432.40000000,1666223999999,4197789.05064500,17781,77774718.60000000,1756100.53590300,0
1666224000000,0.02235000,0.02263000,0.02171000,0.02183000,216759754.30000000,1666310399999,4810854.77527900,20417,88496524.10000000,1964636.34263300,0
1666310400000,0.02184000,0.02256000,0.02144000,0.02246000,175768585.50000000,1666396799999,3867507.17585800,20409,84175217.30000000,1852559.39257700,0
1666396800000,0.02246000,0.02268000,0.02219000,0.02260000,89705589.50000000,1666483199999,2015377.65738400,10086,43978288.90000000,988234.38932000,0
1666483200000,0.02261000,0.02300000,0.02212000,0.02280000,159740254.60000000,1666569599999,3605224.27128600,14085,76550284.80000000,1727857.52385900,0
1666569600000,0.02280000,0.02288000,0.02220000,0.02247000,150952854.50000000,1666655999999,3388674.39518500,16949,71142874.20000000,1597524.23054800,0
1666656000000,0.02247000,0.02340000,0.02217000,0.02286000,312719753.40000000,1666742399999,7122842.28192700,28660,143441272.40000000,3265141.59779500,0
1666742400000,0.02286000,0.02358000,0.02283000,0.02336000,263859058.30000000,1666828799999,6144910.27312200,27833,128072157.20000000,2984070.20529900,0
1666828800000,0.02335000,0.02403000,0.02281000,0.02291000,294505542.80000000,1666915199999,6891149.51810300,34902,138605794.70000000,3246229.70030600,0
1666915200000,0.02291000,0.02376000,0.02263000,0.02349000,251011540.70000000,1667001599999,5814312.83642000,27825,116022381.00000000,2688317.30396100,0
1667001600000,0.02350000,0.02437000,0.02349000,0.02405000,327950492.60000000,1667087999999,7847194.56439700,38594,152217408.30000000,3643173.89926200,0
1667088000000,0.02404000,0.02447000,0.02323000,0.02356000,240932565.70000000,1667174399999,5768837.56092800,29036,110262372.50000000,2641312.99116400,0
1667174400000,0.02356000,0.02374000,0.02338000,0.02349000,17182909.80000000,1667260799999,404976.94840000,2508,8465987.40000000,199604.68883000,0
